N,Method,Iterations,FinalAvgPayoff,FinalResidual,q_hat,q_th,D_theta,RuntimeSec
20,Greedy,2,0.955625,0,NaN,NaN,NaN,0.0039158
20,Fixed-weight IT2,22,0.856881444882452,9.19886374851075e-05,0.696933511749463,0.879166666666667,0.179166666666667,0.0042472
20,Proposed IT2-W-FBRI,23,0.860808577287187,7.08831677594599e-05,0.698556506095835,0.91825,0.21825,0.0041839
50,Greedy,2,0.955625,0,NaN,NaN,NaN,0.0091158
50,Fixed-weight IT2,22,0.856881405539806,9.19664946648913e-05,0.696913733265712,0.879166666666667,0.179166666666667,0.0132903
50,Proposed IT2-W-FBRI,23,0.860808546101465,7.08768914333899e-05,0.698544156215112,0.91825,0.21825,0.0052708
100,Greedy,2,0.955625,0,NaN,NaN,NaN,0.0094886
100,Fixed-weight IT2,22,0.856881445095022,9.25000526809314e-05,0.696937045974248,0.879166666666667,0.179166666666667,0.0067371
100,Proposed IT2-W-FBRI,23,0.86080857589441,7.12487373641171e-05,0.698556334854557,0.91825,0.21825,0.006367
