N,Seed,Method,Class,Converged,Rounds,q_hat,FinalResidual,NativeCriterion,CommonAlphaExploitability,ExpectedPayoff,WorstCaseQ5,CE_gamma,PayoffDegradation,SCShare,RuntimeSec,DecisionAlpha,SolveDelta,Certificate
50,42,Proposed IT2-W-FBRI,Proposed,1,45,0.856488110554951,7.733523222405e-05,max strategy-step L1,0.0101278438642901,0.815805922898883,0.807505772593294,0.811240840230809,0.00830015030558906,2.35920204892202e-05,0.030003,0.5,0.2,base Gamma_alpha certificate; focused point empirical
50,42,Isobe-APP,Convergence SOTA,1,42,0.778359918920369,9.77189036669309e-05,outer-anchor L1,7.2185155852722e-08,0.841313386499904,0.380365262397147,0.587791918243388,0.460948124102757,0.999952604051967,0.0063793,1,0,none
50,42,RQE,Robust SOTA,1,23,0.691481000334441,9.72227896521294e-05,quantal fixed-point L1,0.010509354790928,0.794754785039059,0.623828093378294,0.700745104625638,0.170926691660766,0.389135510165119,0.5284172,1,0.2,none
50,42,MF-RQE,Robust SOTA,1,21,0.703155132539015,7.63455179394468e-05,quantal fixed-point L1,0.0142327149820258,0.776709505240689,0.656712083541157,0.710710923305946,0.119997421699532,0.273686363205582,0.2395891,1,0.2,none
50,42,CVaR-game,Robust SOTA,1,28,0.700000000000027,9.85685435454044e-05,mixed best-response fixed-point L1,0.0122620285001507,0.74090315079446,0.730729717192061,0.73530776231314,0.0101734336023995,1.14996634136185e-05,0.1398524,1,0.2,none
50,42,DRNE-VI,Robust SOTA,0,300,0.998198949431928,0.0032518521817344,worst-distribution exploitability,0.00758623217545018,0.797731454708063,0.673763859968741,0.729549277601436,0.123967594739323,0.288843548536262,0.0108246,1,0.2,none
50,43,Proposed IT2-W-FBRI,Proposed,1,45,0.856453125902244,7.7335156744711e-05,max strategy-step L1,0.0101278438646012,0.815984941438753,0.807276985300142,0.811195565562517,0.00870795613861119,2.35920647651776e-05,0.0084863,0.5,0.2,base Gamma_alpha certificate; focused point empirical
50,43,Isobe-APP,Convergence SOTA,1,42,0.778452196081494,9.81181020983925e-05,outer-anchor L1,7.24808013607969e-08,0.841733202674118,0.378581965324306,0.587000022131722,0.463151237349812,0.999952680845484,0.0050163,1,0,none
50,43,RQE,Robust SOTA,1,23,0.691481000334441,9.72227896521294e-05,quantal fixed-point L1,0.010509354790928,0.794971138161193,0.623441641459691,0.700629914975367,0.171529496701502,0.389135510165119,0.2893034,1,0.2,none
50,43,MF-RQE,Robust SOTA,1,21,0.703155132539015,7.63455179394468e-05,quantal fixed-point L1,0.0142327149820258,0.776877009354071,0.656507918271864,0.710674009258857,0.120369091082207,0.273686363205582,0.2235659,1,0.2,none
50,43,CVaR-game,Robust SOTA,1,28,0.700000000000027,9.85685435454044e-05,mixed best-response fixed-point L1,0.0122620285001507,0.740635814454726,0.731102363701898,0.735392416540671,0.00953345075282808,1.14996634136185e-05,0.1039129,1,0.2,none
50,43,DRNE-VI,Robust SOTA,0,300,0.998198949431928,0.0032518521817344,worst-distribution exploitability,0.00758623217545018,0.797922228377057,0.673595639525011,0.729542604508431,0.124326588852046,0.288843548536262,0.0061341,1,0.2,none
50,44,Proposed IT2-W-FBRI,Proposed,1,45,0.856617006477584,7.7335262147761e-05,max strategy-step L1,0.0101278438581331,0.815876385952121,0.807338333046172,0.811180456853849,0.00853805290594911,2.35921024795897e-05,0.0090855,0.5,0.2,base Gamma_alpha certificate; focused point empirical
50,44,Isobe-APP,Convergence SOTA,1,42,0.77831981452763,9.75022309459186e-05,outer-anchor L1,7.20259349940022e-08,0.843858503982995,0.380464381307722,0.588991736511595,0.463394122675273,0.999952767294405,0.0043718,1,0,none
50,44,RQE,Robust SOTA,1,23,0.691481000334441,9.72227896521294e-05,quantal fixed-point L1,0.010509354790928,0.795660272990288,0.623838906981698,0.701158521685563,0.17182136600859,0.389135510165119,0.2612026,1,0.2,none
50,44,MF-RQE,Robust SOTA,1,21,0.703155132539015,7.63455179394468e-05,quantal fixed-point L1,0.0142327149820258,0.777333349343959,0.656658597680465,0.710962235929037,0.120674751663494,0.273686363205582,0.2404421,1,0.2,none
50,44,CVaR-game,Robust SOTA,1,28,0.700000000000027,9.85685435454044e-05,mixed best-response fixed-point L1,0.0122620285001507,0.740723505632532,0.730901682487285,0.735321502902646,0.00982182314524671,1.14996634136185e-05,0.1051595,1,0.2,none
50,44,DRNE-VI,Robust SOTA,0,300,0.998198949431928,0.0032518521817344,worst-distribution exploitability,0.00758623217545018,0.798386329659233,0.673640839578724,0.729776310114953,0.124745490080509,0.288843548536262,0.0085384,1,0.2,none
50,45,Proposed IT2-W-FBRI,Proposed,1,45,0.856651895136109,7.73353433144057e-05,max strategy-step L1,0.0101278438635208,0.815741585458527,0.8070216891859,0.810945642508582,0.00871989627262637,2.35920390848879e-05,0.0114076,0.5,0.2,base Gamma_alpha certificate; focused point empirical
50,45,Isobe-APP,Convergence SOTA,1,42,0.778492887760258,9.83849418722278e-05,outer-anchor L1,7.2677947104971e-08,0.84325753520369,0.379895459626296,0.588408393636123,0.463362075577394,0.999952595289681,0.0042761,1,0,none
50,45,RQE,Robust SOTA,1,23,0.691481000334441,9.72227896521294e-05,quantal fixed-point L1,0.010509354790928,0.795507100424353,0.623664439118429,0.700993636706095,0.171842661305925,0.389135510165119,0.2647555,1,0.2,none
50,45,MF-RQE,Robust SOTA,1,21,0.703155132539015,7.63455179394468e-05,quantal fixed-point L1,0.0142327149820258,0.777262077798671,0.656610051727722,0.710903463459649,0.120652026070948,0.273686363205582,0.2279446,1,0.2,none
50,45,CVaR-game,Robust SOTA,1,28,0.700000000000027,9.85685435454044e-05,mixed best-response fixed-point L1,0.0122620285001507,0.740804248961771,0.730457165061772,0.735113352816771,0.0103470838999986,1.14996634136185e-05,0.0995627,1,0.2,none
50,45,DRNE-VI,Robust SOTA,0,300,0.998198949431928,0.0032518521817344,worst-distribution exploitability,0.00758623217545018,0.798288521846065,0.673945431289208,0.729899822039794,0.124343090556857,0.288843548536262,0.0063659,1,0.2,none
50,46,Proposed IT2-W-FBRI,Proposed,1,45,0.856219692833109,7.73352495270749e-05,max strategy-step L1,0.0101278438647034,0.815857328517075,0.807203932505746,0.811097960710844,0.00865339601132931,2.35920456607241e-05,0.0128411,0.5,0.2,base Gamma_alpha certificate; focused point empirical
50,46,Isobe-APP,Convergence SOTA,1,42,0.778416349807857,9.80358604239246e-05,outer-anchor L1,7.24197153356698e-08,0.850759044978407,0.381849419825268,0.592858751144181,0.468909625153139,0.99995266671164,0.0046547,1,0,none
50,46,RQE,Robust SOTA,1,23,0.691481000334441,9.72227896521294e-05,quantal fixed-point L1,0.010509354790928,0.798281136976218,0.624758649227747,0.702843768714559,0.173522487748471,0.389135510165119,0.2568439,1,0.2,none
50,46,MF-RQE,Robust SOTA,1,21,0.703155132539015,7.63455179394468e-05,quantal fixed-point L1,0.0142327149820258,0.779195369888751,0.65756817189309,0.712300410991138,0.121627197995661,0.273686363205582,0.2163185,1,0.2,none
50,46,CVaR-game,Robust SOTA,1,28,0.700000000000027,9.85685435454044e-05,mixed best-response fixed-point L1,0.0122620285001507,0.740531473036172,0.730907241485047,0.735238145683053,0.00962423155112491,1.14996634136185e-05,0.0973615,1,0.2,none
50,46,DRNE-VI,Robust SOTA,0,300,0.998198949431928,0.0032518521817344,worst-distribution exploitability,0.00758623217545018,0.800306701056766,0.674324927277409,0.73101672547812,0.125981773779357,0.288843548536262,0.0061337,1,0.2,none
50,47,Proposed IT2-W-FBRI,Proposed,1,45,0.856588409196752,7.73351488043466e-05,max strategy-step L1,0.0101278438581945,0.815826794227521,0.807453509696286,0.811221487735342,0.00837328453123543,2.35920252915969e-05,0.0079666,0.5,0.2,base Gamma_alpha certificate; focused point empirical
50,47,Isobe-APP,Convergence SOTA,1,42,0.778476212829327,9.81436152675066e-05,outer-anchor L1,7.24987345712691e-08,0.847074380595523,0.38170223101594,0.591119698326752,0.465372149579583,0.999952543715388,0.0040659,1,0,none
50,47,RQE,Robust SOTA,1,23,0.691481000334441,9.72227896521294e-05,quantal fixed-point L1,0.010509354790928,0.79680161415659,0.624036398137265,0.701780745345961,0.172765216019325,0.389135510165119,0.2739175,1,0.2,none
50,47,MF-RQE,Robust SOTA,1,21,0.703155132539015,7.63455179394468e-05,quantal fixed-point L1,0.0142327149820258,0.778131534145481,0.656906098306743,0.711457544434175,0.121225435838738,0.273686363205582,0.2272732,1,0.2,none
50,47,CVaR-game,Robust SOTA,1,28,0.700000000000027,9.85685435454044e-05,mixed best-response fixed-point L1,0.0122620285001507,0.740725504881139,0.731201463105857,0.735487281904734,0.00952404177528166,1.14996634136185e-05,0.0987673,1,0.2,none
50,47,DRNE-VI,Robust SOTA,0,300,0.998198949431928,0.0032518521817344,worst-distribution exploitability,0.00758623217545018,0.799243735754694,0.674094975071904,0.73041191737916,0.12514876068279,0.288843548536262,0.0064136,1,0.2,none
50,48,Proposed IT2-W-FBRI,Proposed,1,45,0.856761812486029,7.73351491588259e-05,max strategy-step L1,0.0101278438619287,0.815849224633053,0.807872994456901,0.81146229803617,0.00797623017615201,2.35920047252718e-05,0.0079035,0.5,0.2,base Gamma_alpha certificate; focused point empirical
50,48,Isobe-APP,Convergence SOTA,1,42,0.778476763849789,9.81558337837601e-05,outer-anchor L1,7.25080543384493e-08,0.83904404530962,0.378654530393831,0.585829812105936,0.460389514915789,0.999952661467819,0.0048503,1,0,none
50,48,RQE,Robust SOTA,1,23,0.691481000334441,9.72227896521294e-05,quantal fixed-point L1,0.010509354790928,0.793887565269554,0.623583888800471,0.700220543211558,0.170303676469083,0.389135510165119,0.2580382,1,0.2,none
50,48,MF-RQE,Robust SOTA,1,21,0.703155132539015,7.63455179394468e-05,quantal fixed-point L1,0.0142327149820258,0.776076817678554,0.65641342326695,0.710261950752172,0.119663394411604,0.273686363205582,0.2188558,1,0.2,none
50,48,CVaR-game,Robust SOTA,1,28,0.700000000000027,9.85685435454044e-05,mixed best-response fixed-point L1,0.0122620285001507,0.740563596541819,0.730331371341769,0.734935872681791,0.0102322252000498,1.14996634136185e-05,0.0976201,1,0.2,none
50,48,DRNE-VI,Robust SOTA,0,300,0.998198949431928,0.0032518521817344,worst-distribution exploitability,0.00758623217545018,0.797115838808685,0.673315371846504,0.729025581979486,0.123800466962181,0.288843548536262,0.0080301,1,0.2,none
50,49,Proposed IT2-W-FBRI,Proposed,1,45,0.856339567277583,7.73353627549315e-05,max strategy-step L1,0.0101278438651264,0.815732477104989,0.807823008511121,0.811382269378362,0.00790946859386799,2.35921384641682e-05,0.008134,0.5,0.2,base Gamma_alpha certificate; focused point empirical
50,49,Isobe-APP,Convergence SOTA,1,42,0.778296788758546,9.74495124171826e-05,outer-anchor L1,7.19863875175974e-08,0.841763799688208,0.378094123967127,0.586745478041613,0.463669675721081,0.999952739540629,0.0054942,1,0,none
50,49,RQE,Robust SOTA,1,23,0.691481000334441,9.72227896521294e-05,quantal fixed-point L1,0.010509354790928,0.79493246777737,0.623257038238251,0.700510981530854,0.171675429539119,0.389135510165119,0.2547928,1,0.2,none
50,49,MF-RQE,Robust SOTA,1,21,0.703155132539015,7.63455179394468e-05,quantal fixed-point L1,0.0142327149820258,0.776820748224801,0.656303596406311,0.710536314724632,0.12051715181849,0.273686363205582,0.2110215,1,0.2,none
50,49,CVaR-game,Robust SOTA,1,28,0.700000000000027,9.85685435454044e-05,mixed best-response fixed-point L1,0.0122620285001507,0.740491348487897,0.730600916580425,0.735051610938787,0.00989043190747241,1.14996634136185e-05,0.0989219,1,0.2,none
50,49,DRNE-VI,Robust SOTA,0,300,0.998198949431928,0.0032518521817344,worst-distribution exploitability,0.00758623217545018,0.797846551246668,0.673503765916247,0.729458019314936,0.124342785330421,0.288843548536262,0.006277,1,0.2,none
50,50,Proposed IT2-W-FBRI,Proposed,1,45,0.85664391248941,7.73352535168084e-05,max strategy-step L1,0.010127843860099,0.815740782061741,0.807446564359412,0.81117896232546,0.00829421770232874,2.35921449506978e-05,0.0080404,0.5,0.2,base Gamma_alpha certificate; focused point empirical
50,50,Isobe-APP,Convergence SOTA,1,42,0.778479506587461,9.8248325618175e-05,outer-anchor L1,7.25761324371632e-08,0.849086064962539,0.383441670643434,0.592981648087031,0.465644394319106,0.999952752349561,0.0043741,1,0,none
50,50,RQE,Robust SOTA,1,23,0.691481000334441,9.72227896521294e-05,quantal fixed-point L1,0.010509354790928,0.797623336005174,0.62447695486408,0.702392826377572,0.173146381141094,0.389135510165119,0.2308539,1,0.2,none
50,50,MF-RQE,Robust SOTA,1,21,0.703155132539015,7.63455179394468e-05,quantal fixed-point L1,0.0142327149820258,0.778728431554886,0.657244404170258,0.711912216493341,0.121484027384627,0.273686363205582,0.2313258,1,0.2,none
50,50,CVaR-game,Robust SOTA,1,28,0.700000000000027,9.85685435454044e-05,mixed best-response fixed-point L1,0.0122620285001507,0.740684125195255,0.731050123832625,0.735385424445809,0.00963400136262993,1.14996634136185e-05,0.0932223,1,0.2,none
50,50,DRNE-VI,Robust SOTA,0,300,0.998198949431928,0.0032518521817344,worst-distribution exploitability,0.00758623217545018,0.799865359653318,0.67451259122486,0.730921337017666,0.125352768428458,0.288843548536262,0.0066879,1,0.2,none
50,51,Proposed IT2-W-FBRI,Proposed,1,45,0.856640480917516,7.73352172010752e-05,max strategy-step L1,0.0101278438625122,0.815891460194766,0.807592397880579,0.811326975921963,0.00829906231418642,2.35920337816077e-05,0.0078938,0.5,0.2,base Gamma_alpha certificate; focused point empirical
50,51,Isobe-APP,Convergence SOTA,1,42,0.778353791548097,9.7589840470178e-05,outer-anchor L1,7.2090238556477e-08,0.841703223228692,0.379395786303537,0.587434132919857,0.462307436925154,0.999952769308014,0.0039868,1,0,none
50,51,RQE,Robust SOTA,1,23,0.691481000334441,9.72227896521294e-05,quantal fixed-point L1,0.010509354790928,0.794862187474534,0.623726810997416,0.700737730412119,0.171135376477118,0.389135510165119,0.2351219,1,0.2,none
50,51,MF-RQE,Robust SOTA,1,21,0.703155132539015,7.63455179394468e-05,quantal fixed-point L1,0.0142327149820258,0.776788685767413,0.65662077192361,0.710696333153321,0.120167913843803,0.273686363205582,0.2107436,1,0.2,none
50,51,CVaR-game,Robust SOTA,1,28,0.700000000000027,9.85685435454044e-05,mixed best-response fixed-point L1,0.0122620285001507,0.74067620254221,0.730626273648955,0.73514874165092,0.010049928893255,1.14996634136185e-05,0.0950269,1,0.2,none
50,51,DRNE-VI,Robust SOTA,0,300,0.998198949431928,0.0032518521817344,worst-distribution exploitability,0.00758623217545018,0.797790229234656,0.674092401593782,0.729756424032175,0.123697827640874,0.288843548536262,0.0086794,1,0.2,none
50,52,Proposed IT2-W-FBRI,Proposed,1,45,0.856743164012576,7.73351640619946e-05,max strategy-step L1,0.0101278438611584,0.815738039764201,0.807465486783021,0.811188135624552,0.00827255298118001,2.35920898832863e-05,0.0080659,0.5,0.2,base Gamma_alpha certificate; focused point empirical
50,52,Isobe-APP,Convergence SOTA,1,42,0.778329613274818,9.74192680755259e-05,outer-anchor L1,7.19640325108628e-08,0.84200178120378,0.380395781146358,0.588118481172198,0.461606000057423,0.999952566826486,0.0038459,1,0,none
50,52,RQE,Robust SOTA,1,23,0.691481000334441,9.72227896521294e-05,quantal fixed-point L1,0.010509354790928,0.795037038490836,0.623950269007826,0.70093931527518,0.17108676948301,0.389135510165119,0.2376252,1,0.2,none
50,52,MF-RQE,Robust SOTA,1,21,0.703155132539015,7.63455179394468e-05,quantal fixed-point L1,0.0142327149820258,0.776907147808206,0.656937229009759,0.71092369246906,0.119969918798447,0.273686363205582,0.2114955,1,0.2,none
50,52,CVaR-game,Robust SOTA,1,28,0.700000000000027,9.85685435454044e-05,mixed best-response fixed-point L1,0.0122620285001507,0.740653898883964,0.730883017361253,0.735279914046473,0.00977088152271144,1.14996634136185e-05,0.0966374,1,0.2,none
50,52,DRNE-VI,Robust SOTA,0,300,0.998198949431928,0.0032518521817344,worst-distribution exploitability,0.00758623217545018,0.797953883359044,0.673989393796002,0.729773414099371,0.123964489563042,0.288843548536262,0.006531,1,0.2,none
50,53,Proposed IT2-W-FBRI,Proposed,1,45,0.856840817277365,7.73352679520158e-05,max strategy-step L1,0.010127843859509,0.815528276757909,0.807225920118619,0.8109619806063,0.00830235663929035,2.35920399356813e-05,0.0085598,0.5,0.2,base Gamma_alpha certificate; focused point empirical
50,53,Isobe-APP,Convergence SOTA,1,42,0.778418896737014,9.7881098151359e-05,outer-anchor L1,7.23057753670986e-08,0.842992358081251,0.37950948743327,0.588076779224861,0.463482870647981,0.999952563285734,0.0041246,1,0,none
50,53,RQE,Robust SOTA,1,23,0.691481000334441,9.72227896521294e-05,quantal fixed-point L1,0.010509354790928,0.795393510106485,0.623871468605713,0.70105638728106,0.171522041500773,0.389135510165119,0.2905648,1,0.2,none
50,53,MF-RQE,Robust SOTA,1,21,0.703155132539015,7.63455179394468e-05,quantal fixed-point L1,0.0142327149820258,0.777154269427304,0.656681117522906,0.710894035879885,0.120473151904397,0.273686363205582,0.2452242,1,0.2,none
50,53,CVaR-game,Robust SOTA,1,28,0.700000000000027,9.85685435454044e-05,mixed best-response fixed-point L1,0.0122620285001507,0.740875132453098,0.731101359876438,0.735499557535935,0.00977377257666023,1.14996634136185e-05,0.0933154,1,0.2,none
50,53,DRNE-VI,Robust SOTA,0,300,0.998198949431928,0.0032518521817344,worst-distribution exploitability,0.00758623217545018,0.798238450656226,0.674247012615812,0.730043159733998,0.123991438040414,0.288843548536262,0.0065501,1,0.2,none
50,54,Proposed IT2-W-FBRI,Proposed,1,45,0.856868577318697,7.73352748599237e-05,max strategy-step L1,0.0101278438603506,0.8157608149359,0.807333904449221,0.811126014168226,0.00842691048667887,2.3592053749879e-05,0.0079634,0.5,0.2,base Gamma_alpha certificate; focused point empirical
50,54,Isobe-APP,Convergence SOTA,1,42,0.778460876612263,9.81717780285652e-05,outer-anchor L1,7.25201730888969e-08,0.844239297931897,0.381413993356999,0.589685380415703,0.462825304574897,0.999952707981876,0.0040006,1,0,none
50,54,RQE,Robust SOTA,1,23,0.691481000334441,9.72227896521294e-05,quantal fixed-point L1,0.010509354790928,0.795824328982851,0.623950928268315,0.701293958589856,0.171873400714536,0.389135510165119,0.2376416,1,0.2,none
50,54,MF-RQE,Robust SOTA,1,21,0.703155132539015,7.63455179394468e-05,quantal fixed-point L1,0.0142327149820258,0.777469679626057,0.656629598045595,0.711007634756803,0.120840081580462,0.273686363205582,0.2261732,1,0.2,none
50,54,CVaR-game,Robust SOTA,1,28,0.700000000000027,9.85685435454044e-05,mixed best-response fixed-point L1,0.0122620285001507,0.740847916150052,0.730543412958554,0.735180439394728,0.0103045031914976,1.14996634136185e-05,0.090134,1,0.2,none
50,54,DRNE-VI,Robust SOTA,0,300,0.998198949431928,0.0032518521817344,worst-distribution exploitability,0.00758623217545018,0.798550878377355,0.673788417193241,0.729931524726092,0.124762461184114,0.288843548536262,0.0062207,1,0.2,none
50,55,Proposed IT2-W-FBRI,Proposed,1,45,0.856637674304993,7.73352810564267e-05,max strategy-step L1,0.0101278438640413,0.815698550525593,0.807442139399554,0.811157524406272,0.0082564111260397,2.35921314831673e-05,0.0079255,0.5,0.2,base Gamma_alpha certificate; focused point empirical
50,55,Isobe-APP,Convergence SOTA,1,42,0.778443931010085,9.79543022559286e-05,outer-anchor L1,7.23594033580355e-08,0.845593700630908,0.379300003939854,0.589132167450828,0.466293696691053,0.999952772122491,0.0039979,1,0,none
50,55,RQE,Robust SOTA,1,23,0.691481000334441,9.72227896521294e-05,quantal fixed-point L1,0.010509354790928,0.796329877116462,0.623836760360228,0.701458662900533,0.172493116756234,0.389135510165119,0.2318419,1,0.2,none
50,55,MF-RQE,Robust SOTA,1,21,0.703155132539015,7.63455179394468e-05,quantal fixed-point L1,0.0142327149820258,0.777823502625886,0.656856075251067,0.711291417569736,0.120967427374818,0.273686363205582,0.2167098,1,0.2,none
50,55,CVaR-game,Robust SOTA,1,28,0.700000000000027,9.85685435454044e-05,mixed best-response fixed-point L1,0.0122620285001507,0.74090022039846,0.731185127517159,0.735556919313744,0.00971509288130123,1.14996634136185e-05,0.0978148,1,0.2,none
50,55,DRNE-VI,Robust SOTA,0,300,0.998198949431928,0.0032518521817344,worst-distribution exploitability,0.00758623217545018,0.798887956247418,0.67398838681732,0.730193193060864,0.124899569430097,0.288843548536262,0.0060947,1,0.2,none
50,56,Proposed IT2-W-FBRI,Proposed,1,45,0.856673855258507,7.73352340779085e-05,max strategy-step L1,0.0101278438685301,0.815901717823627,0.807353751926468,0.81120033658019,0.00854796589715845,2.3592079159442e-05,0.0080691,0.5,0.2,base Gamma_alpha certificate; focused point empirical
50,56,Isobe-APP,Convergence SOTA,1,42,0.778253183415401,9.71101511823917e-05,outer-anchor L1,7.17360619795215e-08,0.844839550262106,0.380298062249035,0.589341731854917,0.464541488013071,0.999952707283144,0.0042113,1,0,none
50,56,RQE,Robust SOTA,1,23,0.691481000334441,9.72227896521294e-05,quantal fixed-point L1,0.010509354790928,0.796113242403166,0.624010614507379,0.701456797060483,0.172102627895787,0.389135510165119,0.2655007,1,0.2,none
50,56,MF-RQE,Robust SOTA,1,21,0.703155132539015,7.63455179394468e-05,quantal fixed-point L1,0.0142327149820258,0.777678264897568,0.656790115030333,0.711189782470588,0.120888149867235,0.273686363205582,0.192067,1,0.2,none
50,56,CVaR-game,Robust SOTA,1,28,0.700000000000027,9.85685435454044e-05,mixed best-response fixed-point L1,0.0122620285001507,0.740716002504776,0.731103967890205,0.735429383466762,0.00961203461457072,1.14996634136185e-05,0.0954896,1,0.2,none
50,56,DRNE-VI,Robust SOTA,0,300,0.998198949431928,0.0032518521817344,worst-distribution exploitability,0.00758623217545018,0.798752884502503,0.674090063977746,0.730188333213887,0.124662820524757,0.288843548536262,0.0059886,1,0.2,none
50,57,Proposed IT2-W-FBRI,Proposed,1,45,0.856703152434905,7.73351514279223e-05,max strategy-step L1,0.0101278438598879,0.81584487197796,0.807532810806447,0.811273238333628,0.00831206117151262,2.35920237096958e-05,0.0086649,0.5,0.2,base Gamma_alpha certificate; focused point empirical
50,57,Isobe-APP,Convergence SOTA,1,42,0.778432059801114,9.80215971554633e-05,outer-anchor L1,7.24089117554172e-08,0.844014745930546,0.379053540788729,0.588286083102547,0.464961205141817,0.999952521636595,0.0053208,1,0,none
50,57,RQE,Robust SOTA,1,23,0.691481000334441,9.72227896521294e-05,quantal fixed-point L1,0.010509354790928,0.795729983615902,0.623567338467848,0.701040528784472,0.172162645148055,0.389135510165119,0.2445496,1,0.2,none
50,57,MF-RQE,Robust SOTA,1,21,0.703155132539015,7.63455179394468e-05,quantal fixed-point L1,0.0142327149820258,0.777369214767506,0.656423947016027,0.710849317504193,0.120945267751479,0.273686363205582,0.2137883,1,0.2,none
50,57,CVaR-game,Robust SOTA,1,28,0.700000000000027,9.85685435454044e-05,mixed best-response fixed-point L1,0.0122620285001507,0.740561028389136,0.730827353312733,0.735207507097114,0.00973367507640333,1.14996634136185e-05,0.0943714,1,0.2,none
50,57,DRNE-VI,Robust SOTA,0,300,0.998198949431928,0.0032518521817344,worst-distribution exploitability,0.00758623217545018,0.798451495323515,0.673770195407704,0.729876780369819,0.124681299915812,0.288843548536262,0.0061817,1,0.2,none
50,58,Proposed IT2-W-FBRI,Proposed,1,45,0.856680251024214,7.73352881218665e-05,max strategy-step L1,0.0101278438635513,0.815818457417484,0.807591854607339,0.811293825871904,0.00822660281014531,2.35920399227897e-05,0.0077437,0.5,0.2,base Gamma_alpha certificate; focused point empirical
50,58,Isobe-APP,Convergence SOTA,1,42,0.778331398913721,9.74724953386181e-05,outer-anchor L1,7.20031518852693e-08,0.841627134776482,0.379388618875041,0.587395951030689,0.462238515901441,0.999952639356912,0.003971,1,0,none
50,58,RQE,Robust SOTA,1,23,0.691481000334441,9.72227896521294e-05,quantal fixed-point L1,0.010509354790928,0.794880079827314,0.623864462176315,0.700821490119264,0.171015617651,0.389135510165119,0.2516292,1,0.2,none
50,58,MF-RQE,Robust SOTA,1,21,0.703155132539015,7.63455179394468e-05,quantal fixed-point L1,0.0142327149820258,0.776793698659382,0.656663426238362,0.710722048827821,0.12013027242102,0.273686363205582,0.2013448,1,0.2,none
50,58,CVaR-game,Robust SOTA,1,28,0.700000000000027,9.85685435454044e-05,mixed best-response fixed-point L1,0.0122620285001507,0.74072164526751,0.730803953808341,0.735266914964967,0.00991769145916843,1.14996634136185e-05,0.0888974,1,0.2,none
50,58,DRNE-VI,Robust SOTA,0,300,0.998198949431928,0.0032518521817344,worst-distribution exploitability,0.00758623217545018,0.79785240152694,0.673951728639674,0.729707031438944,0.123900672887265,0.288843548536262,0.0060307,1,0.2,none
50,59,Proposed IT2-W-FBRI,Proposed,1,45,0.856502791883735,7.73351708777944e-05,max strategy-step L1,0.0101278438540219,0.815719717435617,0.807317158895435,0.811098310238517,0.00840255854018235,2.35920465921318e-05,0.008014,0.5,0.2,base Gamma_alpha certificate; focused point empirical
50,59,Isobe-APP,Convergence SOTA,1,42,0.77838815129929,9.78576008152341e-05,outer-anchor L1,7.22879718306757e-08,0.84180981524508,0.380913180735407,0.58831666626476,0.460896634509673,0.999952580206905,0.0044214,1,0,none
50,59,RQE,Robust SOTA,1,23,0.691481000334441,9.72227896521294e-05,quantal fixed-point L1,0.010509354790928,0.79493200511161,0.623601938853523,0.700700468669662,0.171330066258087,0.389135510165119,0.2590246,1,0.2,none
50,59,MF-RQE,Robust SOTA,1,21,0.703155132539015,7.63455179394468e-05,quantal fixed-point L1,0.0142327149820258,0.776837292454433,0.656650645915803,0.710734636858186,0.120186646538631,0.273686363205582,0.211816,1,0.2,none
50,59,CVaR-game,Robust SOTA,1,28,0.700000000000027,9.85685435454044e-05,mixed best-response fixed-point L1,0.0122620285001507,0.740775795025622,0.730970916131363,0.735383111633779,0.00980487889425918,1.14996634136185e-05,0.0907924,1,0.2,none
50,59,DRNE-VI,Robust SOTA,0,300,0.998198949431928,0.0032518521817344,worst-distribution exploitability,0.00758623217545018,0.797909928027684,0.674209428968046,0.729874653544883,0.123700499059638,0.288843548536262,0.0061902,1,0.2,none
50,60,Proposed IT2-W-FBRI,Proposed,1,45,0.856831120468958,7.73353003116464e-05,max strategy-step L1,0.0101278438639264,0.815889241202765,0.807261414475595,0.811143936502821,0.00862782672717055,2.35920521763051e-05,0.0079802,0.5,0.2,base Gamma_alpha certificate; focused point empirical
50,60,Isobe-APP,Convergence SOTA,1,42,0.778269550697078,9.72815867060242e-05,outer-anchor L1,7.18624650897226e-08,0.843707414803775,0.379067782217449,0.588155616881296,0.464639632586325,0.999952564641605,0.003826,1,0,none
50,60,RQE,Robust SOTA,1,23,0.691481000334441,9.72227896521294e-05,quantal fixed-point L1,0.010509354790928,0.7956125636106,0.623760235284621,0.701093783031311,0.171852328325979,0.389135510165119,0.2300639,1,0.2,none
50,60,MF-RQE,Robust SOTA,1,21,0.703155132539015,7.63455179394468e-05,quantal fixed-point L1,0.0142327149820258,0.777301279510308,0.656715657155621,0.71097918721523,0.120585622354687,0.273686363205582,0.2044119,1,0.2,none
50,60,CVaR-game,Robust SOTA,1,28,0.700000000000027,9.85685435454044e-05,mixed best-response fixed-point L1,0.0122620285001507,0.740602703983933,0.730934879279487,0.735285400396488,0.00966782470444583,1.14996634136185e-05,0.0918394,1,0.2,none
50,60,DRNE-VI,Robust SOTA,0,300,0.998198949431928,0.0032518521817344,worst-distribution exploitability,0.00758623217545018,0.798342535578777,0.67358425976945,0.729725483883647,0.124758275809327,0.288843548536262,0.0064655,1,0.2,none
50,61,Proposed IT2-W-FBRI,Proposed,1,45,0.856731638660066,7.73352612649165e-05,max strategy-step L1,0.010127843860405,0.815906564646579,0.807629572175396,0.811354218787428,0.00827699247118263,2.35920529881879e-05,0.0107158,0.5,0.2,base Gamma_alpha certificate; focused point empirical
50,61,Isobe-APP,Convergence SOTA,1,42,0.778459980394357,9.80199962002622e-05,outer-anchor L1,7.24077652280997e-08,0.849136870837645,0.382770516124509,0.592635375745421,0.466366354713136,0.999952672507461,0.0038688,1,0,none
50,61,RQE,Robust SOTA,1,23,0.691481000334441,9.72227896521294e-05,quantal fixed-point L1,0.010509354790928,0.79767190697151,0.62446789796979,0.702409702020564,0.17320400900172,0.389135510165119,0.2413064,1,0.2,none
50,61,MF-RQE,Robust SOTA,1,21,0.703155132539015,7.63455179394468e-05,quantal fixed-point L1,0.0142327149820258,0.778750687170524,0.657225030988526,0.711911576270425,0.121525656181999,0.273686363205582,0.2013105,1,0.2,none
50,61,CVaR-game,Robust SOTA,1,28,0.700000000000027,9.85685435454044e-05,mixed best-response fixed-point L1,0.0122620285001507,0.740598759131499,0.730765072575692,0.735190231525806,0.00983368655580696,1.14996634136185e-05,0.1004604,1,0.2,none
50,61,DRNE-VI,Robust SOTA,0,300,0.998198949431928,0.0032518521817344,worst-distribution exploitability,0.00758623217545018,0.799880020781654,0.674549800715662,0.730948399745358,0.125330220065993,0.288843548536262,0.0063534,1,0.2,none
