N,Seed,Alpha,Converged,Rounds,q_hat,FinalResidual,ExpectedPayoff,WorstCaseQ5,SCShare,RuntimeSec
50,42,0,1,16,0.700120233906094,9.30952832499943e-05,0.770441751875742,0.663382575521361,0.243776274291101,0.0043332
50,42,0.1,1,16,0.701013213808514,9.22406235555617e-05,0.771839954202975,0.661987559659815,0.250269687389607,0.0028558
50,42,0.2,1,17,0.703140410793153,7.65068728789675e-05,0.77322540902386,0.660532304751514,0.25678798051868,0.0030584
50,42,0.3,1,17,0.702761437135888,8.73150772743025e-05,0.774589905115089,0.659071936646723,0.263314605172992,0.0030229
50,42,0.4,1,17,0.702170836850368,9.73459940272203e-05,0.775935989611447,0.657586558725947,0.269847942164067,0.0046816
50,42,0.5,1,18,0.70144744439179,7.48096081374938e-05,0.777269083546004,0.65611208035887,0.276403322117119,0.0043353
50,42,0.6,1,18,0.701357737467075,8.21879082382737e-05,0.778577856994946,0.654588815347807,0.282942039497799,0.0025691
50,42,0.7,1,18,0.701125979531375,9.20027325540529e-05,0.779867028658656,0.653013232978082,0.289475845616455,0.0026478
50,42,0.8,1,19,0.699654234354425,7.07509549612295e-05,0.781141885715918,0.651433967455965,0.296021963170563,0.0029867
50,42,0.9,1,19,0.698234409815799,7.6506531681314e-05,0.782391509692714,0.64986912770553,0.302537903973265,0.0029927
50,42,1,1,19,0.696859096159269,8.18080177684977e-05,0.783620850708567,0.648258229309103,0.309039083258934,0.0032084
50,43,0,1,16,0.700108291376866,9.36909214211135e-05,0.770593244863983,0.663208261789629,0.243777633588116,0.0025419
50,43,0.1,1,16,0.700658936993549,9.21707546297501e-05,0.771995076889205,0.661793164198565,0.250271028909377,0.0025251
50,43,0.2,1,17,0.703135622163509,7.64647571932786e-05,0.773384068802059,0.660343779095067,0.256788907292512,0.0027836
50,43,0.3,1,17,0.702761710620915,8.72807626062788e-05,0.774752069526122,0.658901598740717,0.263315518962335,0.0031495
50,43,0.4,1,17,0.702174827311571,9.73191329459999e-05,0.77610159116936,0.657401450125686,0.26984884316935,0.0027669
50,43,0.5,1,18,0.701454269816323,7.47964535125767e-05,0.77743804259478,0.655877342154757,0.276403942446064,0.0026792
50,43,0.6,1,18,0.702340749176141,8.41413374502165e-05,0.778750117687164,0.654351251403101,0.282942650713664,0.0028128
50,43,0.7,1,18,0.701117064748029,9.39651178296363e-05,0.780042520813652,0.652823959076999,0.289476447918909,0.0026524
50,43,0.8,1,19,0.699677929085928,7.21324077206653e-05,0.781320536029687,0.651242705115749,0.296022376641571,0.0026538
50,43,0.9,1,19,0.698283829862198,7.78941961635804e-05,0.782573251812627,0.649647889343832,0.302538311221352,0.0026751
50,43,1,1,19,0.696929429365433,8.32016597800689e-05,0.783805614174761,0.648040824072006,0.309039484451739,0.0026441
50,44,0,1,16,0.700090837365888,9.08571575801709e-05,0.770993546232473,0.663527748958894,0.243778797593828,0.0025928
50,44,0.1,1,16,0.701093183074438,9.017197334657e-05,0.772407440674336,0.662064325793948,0.250272166288796,0.0025792
50,44,0.2,1,17,0.703160169552386,7.507270046192e-05,0.773808559033075,0.660550612120208,0.256789687232221,0.0025182
50,44,0.3,1,17,0.702783741883853,8.59000987251113e-05,0.775188846402114,0.659057198561055,0.263316279404122,0.0026075
50,44,0.4,1,17,0.702191727383827,9.59493868491479e-05,0.77655074533246,0.657541914961613,0.26984958442973,0.0027029
50,44,0.5,1,18,0.701465174835548,7.38440630460857e-05,0.777899651483792,0.656046617448657,0.27640444717687,0.002929
50,44,0.6,1,18,0.700910653648096,8.03153492593967e-05,0.779224266765809,0.654531045324042,0.28294314175671,0.0043039
50,44,0.7,1,18,0.701163808649407,9.01504942598663e-05,0.780529273961068,0.652995438401165,0.289476925595655,0.0028377
50,44,0.8,1,18,0.699664838241702,9.92780689714756e-05,0.781814400385901,0.651439033691374,0.296002385387297,0.0031419
50,44,0.9,1,19,0.698232861637446,7.52398063585402e-05,0.783085390523874,0.649865434250871,0.302538624965687,0.0027774
50,44,1,1,19,0.696843960296573,8.05547827014974e-05,0.784330504804898,0.648270568772822,0.309039789145729,0.0029038
50,45,0,1,16,0.700133827039699,9.03180568149198e-05,0.770943782518157,0.663417820091964,0.243776855163286,0.0036557
50,45,0.1,1,16,0.70148304473747,9.02860124181171e-05,0.772353005219012,0.661974726304143,0.250270252144536,0.0024329
50,45,0.2,1,17,0.703183222121243,7.51436207017675e-05,0.773749468506082,0.66050065163941,0.256788367444527,0.0026249
50,45,0.3,1,17,0.702796732015394,8.59588499903252e-05,0.77512501287892,0.659040081726934,0.263314980138943,0.0037409
50,45,0.4,1,17,0.702197312913583,9.59965084373071e-05,0.77648214304461,0.657518140735205,0.26984830527467,0.0036298
50,45,0.5,1,18,0.701465096727258,7.38693666343937e-05,0.777826280758355,0.655980532058067,0.27640356852689,0.0028755
50,45,0.6,1,18,0.701978737756646,8.24486227835319e-05,0.779146083492004,0.654436960675702,0.28294227731734,0.0035631
50,45,0.7,1,18,0.701121348450774,9.22696783919319e-05,0.780446264261882,0.652866134070381,0.289476074975382,0.0025385
50,45,0.8,1,19,0.699656812634425,7.09421780027142e-05,0.781732123109621,0.651252639262354,0.296022117258354,0.0029472
50,45,0.9,1,19,0.698242693530133,7.67020663242357e-05,0.782992705191068,0.649685511341079,0.302538052051471,0.0029656
50,45,1,1,19,0.696872032421458,8.20076905543865e-05,0.784232970262457,0.648092989374609,0.309039225446932,0.003405
50,46,0,1,16,0.700106971949723,9.7733958338897e-05,0.772659839394323,0.664319172761524,0.243777034525259,0.0029362
50,46,0.1,1,16,0.700123000829282,9.5165808205927e-05,0.774116228048652,0.662882713736255,0.250270452255899,0.0029543
50,46,0.2,1,17,0.703185154946816,7.60364371211464e-05,0.775560060247101,0.661412925074117,0.256788515373187,0.0031554
50,46,0.3,1,17,0.702797231171295,8.68429279680116e-05,0.776982967225664,0.659922303172596,0.263315143605775,0.0025637
50,46,0.4,1,17,0.702198751679042,9.68721708092257e-05,0.778387489949416,0.658444179929379,0.269848484179829,0.0027902
50,46,0.5,1,18,0.701468487270276,7.44783037533725e-05,0.779779192136674,0.656961789961693,0.276403701934439,0.0027612
50,46,0.6,1,18,0.700864345485327,8.08465753954213e-05,0.78114639362427,0.655448916595881,0.28294242199938,0.0032445
50,46,0.7,1,18,0.701166192154727,9.06577118875151e-05,0.782493924441692,0.653925075652129,0.289476230780952,0.0027933
50,46,0.8,1,18,0.699663253476464,9.97620399487698e-05,0.783821492660771,0.652353205576828,0.296001714949341,0.002687
50,46,0.9,1,19,0.698227912414157,7.55616314980778e-05,0.785135010938534,0.650792928799699,0.302538176297949,0.0026903
50,46,1,1,19,0.696836055802818,8.08604713753158e-05,0.786422360674843,0.649211019562204,0.309039357497886,0.0028293
50,47,0,1,16,0.70013544593729,9.14103668390454e-05,0.77170466863509,0.663702491178852,0.243776443249961,0.0037612
50,47,0.1,1,16,0.700168140821053,8.88704659887107e-05,0.773137423050705,0.66232396220163,0.250269833564454,0.0036127
50,47,0.2,1,17,0.703211350747532,7.41511780132376e-05,0.774557523168381,0.660834034620096,0.256788073176614,0.0025365
50,47,0.3,1,17,0.70281662644937,8.49665977000202e-05,0.775956774350876,0.659332161719242,0.26331468080757,0.0028592
50,47,0.4,1,17,0.702208682831453,9.50044132437267e-05,0.777337663423002,0.657833849413934,0.269848000888423,0.0024864
50,47,0.5,1,18,0.701468398978426,7.31738728799169e-05,0.778705660562614,0.656263104130424,0.276403353596848,0.0026311
50,47,0.6,1,18,0.702624437749014,8.3054820829459e-05,0.780049298507828,0.654697937171944,0.28294205864828,0.0029422
50,47,0.7,1,18,0.701102189793476,9.28803981908866e-05,0.781373325167824,0.653131434684156,0.289475852601938,0.0046461
50,47,0.8,1,19,0.699650671532555,7.13719483700914e-05,0.782683098819392,0.651562875190544,0.29602195972064,0.0032209
50,47,0.9,1,19,0.698246811302673,7.71350822494632e-05,0.783967519621754,0.649995614341632,0.302537891833662,0.0028906
50,47,1,1,19,0.696884498486337,8.24438700162411e-05,0.785231598550552,0.648425479983124,0.309039062589544,0.0029251
50,48,0,1,16,0.700102523303364,8.83561221582396e-05,0.769866366803796,0.663089730484098,0.243775764258351,0.0028327
50,48,0.1,1,16,0.702352330225945,8.99831557819308e-05,0.771252119442053,0.661682077240636,0.250269208863216,0.0025049
50,48,0.2,1,17,0.703258968611633,7.49181856271042e-05,0.772625131105244,0.660249831673725,0.256787659966202,0.0026347
50,48,0.3,1,17,0.702848502314339,8.57120588503291e-05,0.773977076479764,0.658780842384004,0.263314308096235,0.0024776
50,48,0.4,1,17,0.702230441228426,9.57291832343332e-05,0.77531057706795,0.657291605565883,0.269847668382781,0.0025073
50,48,0.5,1,18,0.701483272542191,7.36699183341571e-05,0.776631070433066,0.655813579949578,0.276403144418272,0.0025432
50,48,0.6,1,18,0.702628522865129,8.35195403023903e-05,0.777927203976327,0.654273687387532,0.282941878738912,0.0025434
50,48,0.7,1,18,0.701121214148112,9.33199294528286e-05,0.779203721083346,0.652744574891043,0.289475701555396,0.0025568
50,48,0.8,1,19,0.699662118810379,7.16635792676612e-05,0.780465906108895,0.651149287263526,0.296021874224124,0.0043106
50,48,0.9,1,19,0.698252041367219,7.74090525767213e-05,0.78170285816322,0.649580945339224,0.302537826923585,0.002881
50,48,1,1,19,0.69688449510934,8.27007940945035e-05,0.782919528935737,0.647990383235211,0.309039017876053,0.0037344
50,49,0,1,16,0.700095429903815,9.56852036255451e-05,0.770535242203854,0.663194839900917,0.243779941488684,0.0028557
50,49,0.1,1,16,0.700180059403143,9.325460129056e-05,0.771937478427063,0.661698931179339,0.250273253200432,0.0023371
50,49,0.2,1,17,0.702978992637177,7.72456424594781e-05,0.77332674831015,0.660209653672464,0.25679042011841,0.0027673
50,49,0.3,1,17,0.702650584502616,8.80990795474323e-05,0.774695270002042,0.658747770816669,0.263316970024111,0.0027079
50,49,0.4,1,17,0.702100092044884,9.81734140613477e-05,0.77604536554375,0.657216902392963,0.269850233212201,0.0024959
50,49,0.5,1,18,0.70140930597993,7.54150603352044e-05,0.777382325164699,0.655670730406552,0.276404875027373,0.0025767
50,49,0.6,1,18,0.7006236444159,8.13947324469766e-05,0.778695078268843,0.654109226795168,0.282943539336779,0.0026255
50,49,0.7,1,18,0.701124856699162,9.10476917437286e-05,0.779988206409434,0.652571127642445,0.289477293418954,0.0027137
50,49,0.8,1,19,0.699661460872482,7.01156489517352e-05,0.781266917967809,0.651000959617596,0.296022935142777,0.0032504
50,49,0.9,1,19,0.698248766791739,7.59045257473223e-05,0.782520449180355,0.649445211094463,0.302538839318079,0.0040729
50,49,1,1,19,0.696879590241165,8.12380810727154e-05,0.783753667577531,0.647859456641475,0.309039982887838,0.002867
50,50,0,1,16,0.700104114544289,9.0451581194223e-05,0.772244167821377,0.663981720408738,0.243780137486167,0.0024591
50,50,0.1,1,16,0.700118934154255,8.787947429445e-05,0.773689504549544,0.662561742600921,0.250273450985308,0.0027842
50,50,0.2,1,17,0.703186640847712,7.27376003911984e-05,0.775122061035781,0.661108816786939,0.256790558807048,0.0024681
50,50,0.3,1,17,0.702810824087812,8.35890105881365e-05,0.776533954094637,0.659633823941635,0.263317110059602,0.0025605
50,50,0.4,1,17,0.702213671458231,9.36613567401878e-05,0.777927492830533,0.658138965131186,0.269850374581376,0.0024966
50,50,0.5,1,18,0.702593771866104,7.42317745637266e-05,0.779308068287756,0.656624823077147,0.276404974410555,0.0027214
50,50,0.6,1,18,0.702555058900234,8.48445761570393e-05,0.780664358967473,0.655099071611028,0.282943639695134,0.0027527
50,50,0.7,1,18,0.701089905084975,9.4708217069861e-05,0.782001023370446,0.653546452652653,0.289477394733934,0.0028284
50,50,0.8,1,19,0.699681863421827,7.26796307667366e-05,0.783323383987007,0.651983563294353,0.296023006505414,0.0029725
50,50,0.9,1,19,0.698312730021618,7.84692788514119e-05,0.784620399248147,0.650431645647359,0.30253891136184,0.0045615
50,50,1,1,19,0.696978915252995,8.38036052325519e-05,0.78589703865837,0.648843764664626,0.30904005559442,0.0030698
50,51,0,1,16,0.700074246561223,9.03763060421114e-05,0.770513529871947,0.66320853403668,0.243776643873474,0.0023462
50,51,0.1,1,16,0.701594585013171,9.06800355012782e-05,0.771913316741801,0.661823538865228,0.250270086567397,0.0023292
50,51,0.2,1,17,0.703244351871321,7.54087822851801e-05,0.7733004120599,0.660423936874085,0.256788269705308,0.0027359
50,51,0.3,1,17,0.702839407550982,8.62046888290557e-05,0.774666474160091,0.658925362245215,0.263314916684741,0.0027645
50,51,0.4,1,17,0.702226612719999,9.62237481553774e-05,0.776014114603214,0.657472813337611,0.269848275949087,0.003172
50,51,0.5,1,18,0.701779339343525,7.4549385128464e-05,0.777348799841052,0.656005683683614,0.276403566620465,0.002836
50,51,0.6,1,18,0.702612815479226,8.50982139253276e-05,0.778659108020667,0.654428408950211,0.282942300397857,0.0026601
50,51,0.7,1,18,0.70111220502493,9.48997410721575e-05,0.77994980363022,0.652864667102685,0.289476122765667,0.0026015
50,51,0.8,1,19,0.699676451598834,7.27711211989668e-05,0.781226205313751,0.651276568503627,0.296022167107085,0.0031161
50,51,0.9,1,19,0.698284791893585,7.85173349303336e-05,0.782477331286581,0.649672326380637,0.302538119633206,0.0030337
50,51,1,1,19,0.696932212232192,8.38097730999632e-05,0.783708163555175,0.648064141174285,0.309039310478219,0.0032453
50,52,0,1,16,0.700147050085119,8.88263306009218e-05,0.770616473647259,0.663700466203988,0.243778463024468,0.0026709
50,52,0.1,1,16,0.702721081341526,9.11033776906656e-05,0.772019873518615,0.662294436685215,0.250271788093897,0.0028725
50,52,0.2,1,17,0.703053305343616,7.5733644670839e-05,0.773410303892362,0.66082370800987,0.256789406937396,0.0025151
50,52,0.3,1,17,0.702704698621065,8.65793087827527e-05,0.77477992456901,0.659315697719229,0.263315966300066,0.0026585
50,52,0.4,1,17,0.70213532589345,9.66461909958638e-05,0.776131087355431,0.65783956494895,0.269849238640776,0.0029769
50,52,0.5,1,18,0.70142754354114,7.43407822210718e-05,0.777469103342147,0.656311013563544,0.27640418844285,0.0027463
50,52,0.6,1,18,0.70062672031631,8.03153453201033e-05,0.778782861850976,0.654741440852894,0.282942859035854,0.0026191
50,52,0.7,1,18,0.701131486256989,9.00444345944273e-05,0.780076965632858,0.653178897396496,0.289476619139568,0.0026416
50,52,0.8,1,18,0.699644659263101,9.9192085659866e-05,0.781351148996131,0.65160959373518,0.296002055475298,0.0026775
50,52,0.9,1,19,0.698222385186827,7.51922119826831e-05,0.782611086863042,0.65002865909625,0.302538378376733,0.0029065
50,52,1,1,19,0.6968414761588,8.05212745947359e-05,0.783845196415063,0.648399259015947,0.309039525753356,0.0027112
50,53,0,1,16,0.700135791814533,8.71172691135347e-05,0.770837210395726,0.663467507479904,0.24377690672435,0.002352
50,53,0.1,1,16,0.703126328273659,9.01976593214449e-05,0.77224621418123,0.662047604383644,0.250270272620451,0.0025163
50,53,0.2,1,17,0.703125127245597,7.50873417375286e-05,0.77364239150044,0.660587410419029,0.256788367969704,0.0027091
50,53,0.3,1,17,0.702753669733334,8.59152143865005e-05,0.775017714497193,0.65911176440409,0.263314957573299,0.0027102
50,53,0.4,1,17,0.702165497161187,9.59650221696029e-05,0.776374620246767,0.65760085149875,0.269848259862096,0.0025041
50,53,0.5,1,18,0.701442040036516,7.38530364165768e-05,0.777718487223383,0.656046739320312,0.276403523307818,0.0026575
50,53,0.6,1,18,0.701641109442798,8.18008094550793e-05,0.779038058802522,0.654532974678219,0.28294221555788,0.0027144
50,53,0.7,1,18,0.701100034439784,9.16376051631196e-05,0.780338003537337,0.652986092432867,0.289475996969951,0.0025441
50,53,0.8,1,19,0.699636326958631,7.05085310783449e-05,0.781623593366483,0.651417882213838,0.296022051214129,0.0029529
50,53,0.9,1,19,0.698223036528111,7.62795031031549e-05,0.782883928794222,0.649822580044103,0.302537974502539,0.0032349
50,53,1,1,19,0.696853173670847,8.15958421508667e-05,0.784123940683217,0.648228070731049,0.309039136664306,0.0041931
50,54,0,1,16,0.700099585161312,8.65716883368117e-05,0.771123328292137,0.663421194684787,0.24377729011579,0.0028156
50,54,0.1,1,16,0.70319246784963,9.09371455339036e-05,0.772538600580787,0.66195585751812,0.250270691100636,0.0028274
50,54,0.2,1,17,0.703171089020402,7.55985269640658e-05,0.77394116969606,0.660476779999138,0.256788673554885,0.0027511
50,54,0.3,1,17,0.70278716684855,8.64119358214843e-05,0.775322832742554,0.659021233310572,0.263315289497053,0.0034271
50,54,0.4,1,17,0.702190721799701,9.64478150136672e-05,0.776686106851046,0.657517930110621,0.26984861798841,0.0024868
50,54,0.5,1,18,0.701461447454878,7.41843293606825e-05,0.778036437912256,0.656014734184274,0.276403787460157,0.0027951
50,54,0.6,1,18,0.70176073537422,8.23384518303938e-05,0.779362427226506,0.654468201389747,0.282942498894771,0.0026197
50,54,0.7,1,18,0.701129667961089,9.21580035296299e-05,0.780668808433002,0.652907605992593,0.289476299260243,0.0026164
50,54,0.8,1,19,0.699661803900198,7.08634714229328e-05,0.781960904630719,0.651291663267172,0.296022274862839,0.0028606
50,54,0.9,1,19,0.698245076160942,7.662225487165e-05,0.783227706547638,0.649701368342314,0.302538211742031,0.0027026
50,54,1,1,19,0.696872286275831,8.19267915807553e-05,0.784474195135553,0.648109083039418,0.309039387259332,0.0038813
50,55,0,1,16,0.700089066196992,9.05203756235984e-05,0.771439343305226,0.663639483678529,0.243779708981629,0.0024065
50,55,0.1,1,16,0.702184874898622,9.19528406676251e-05,0.77286296029041,0.662229170957795,0.250273042795016,0.0025528
50,55,0.2,1,17,0.703054688314888,7.63293589879643e-05,0.774273733798422,0.66076021226327,0.256790282835404,0.0025055
50,55,0.3,1,17,0.702707199843018,8.71731115397734e-05,0.775663740530354,0.659285559935959,0.263316849189015,0.0025202
50,55,0.4,1,17,0.702140049254851,9.72381261099275e-05,0.777035345181241,0.657773813302003,0.269850128679933,0.0027845
50,55,0.5,1,18,0.701434819742517,7.47554485412971e-05,0.77839391835067,0.656241326130206,0.276404811549084,0.0027365
50,55,0.6,1,18,0.700636619570517,8.0728651045664e-05,0.77972820816989,0.654712702922195,0.282943487692785,0.0025345
50,55,0.7,1,18,0.701159014295045,8.95356256570001e-05,0.781042865834871,0.653146306661654,0.289477253423775,0.0027665
50,55,0.8,1,18,0.69966012973899,9.86810434281948e-05,0.782337615780229,0.651560959680137,0.296002695453606,0.0031013
50,55,0.9,1,19,0.698228490523099,7.48344715437999e-05,0.783618200864486,0.649955561900363,0.302538827864719,0.0028244
50,55,1,1,19,0.696840051600426,8.01619251694918e-05,0.784872880226947,0.648338081292384,0.309039979540471,0.0026735
50,56,0,1,16,0.700087875219364,8.98809260007905e-05,0.771308348286239,0.663457223058422,0.243778100736149,0.0023844
50,56,0.1,1,16,0.702973827838688,9.38352284498567e-05,0.77272891562808,0.662052226293785,0.250271454788541,0.0034969
50,56,0.2,1,17,0.703001402623171,7.76395650195216e-05,0.774136633946318,0.660630613287147,0.256789184897329,0.0030777
50,56,0.3,1,17,0.702661419621201,8.84755508390456e-05,0.77552350635781,0.659173155390076,0.263315766094679,0.0028963
50,56,0.4,1,17,0.702103063389495,9.85331712302084e-05,0.776891938957645,0.657671274168407,0.269849060240695,0.0029105
50,56,0.5,1,18,0.701406660173339,7.56559300464643e-05,0.778247320627868,0.656179640359073,0.276404075290894,0.0028854
50,56,0.6,1,18,0.701531197581732,8.34541621906881e-05,0.77957836538038,0.654664481029515,0.282942761935687,0.0026971
50,56,0.7,1,18,0.701089204337482,9.329876222397e-05,0.780889745324448,0.653115400098183,0.289476537971312,0.0028143
50,56,0.8,1,19,0.699653630887595,7.16777326378315e-05,0.782186752811751,0.651545610198234,0.296022423813828,0.004574
50,56,0.9,1,19,0.698262539393144,7.74541434732101e-05,0.783458438799592,0.649972817817269,0.302538343510054,0.0040221
50,56,1,1,19,0.696910717876687,8.27757277062358e-05,0.78470975102119,0.648414692570917,0.30903950225923,0.0031169
50,57,0,1,16,0.700141866285654,8.94614765899748e-05,0.771017833818056,0.663136967008727,0.243776403435927,0.0045643
50,57,0.1,1,16,0.701982086488303,9.03472243170556e-05,0.772434318753401,0.661783380100512,0.250269784656963,0.0026627
50,57,0.2,1,17,0.703142116873354,7.51879358845409e-05,0.773838012784706,0.660344082572423,0.256788035229562,0.0045831
50,57,0.3,1,17,0.702764837334529,8.60091213358005e-05,0.775220801610915,0.65885706766096,0.263314636076744,0.002655
50,57,0.4,1,17,0.702172506859047,9.60525219861619e-05,0.776585156196872,0.657336755467513,0.269847949430886,0.0042464
50,57,0.5,1,18,0.701445943167324,7.39105422950248e-05,0.777936495680643,0.655792006989191,0.276403313838199,0.0028762
50,57,0.6,1,18,0.702556643735246,8.36870405498125e-05,0.779263475431969,0.654214609530167,0.282942013997292,0.0026809
50,57,0.7,1,18,0.70108692469412,9.35171779156141e-05,0.780570801176537,0.652646861767854,0.28947580313447,0.0034196
50,57,0.8,1,19,0.699648158924726,7.18203067839596e-05,0.781863779876461,0.651105202958458,0.296021921846056,0.0039163
50,57,0.9,1,19,0.698254371264671,7.75866544966419e-05,0.783131435450881,0.649509878756727,0.302537850530815,0.0028735
50,57,1,1,19,0.696900262290391,8.28985499964074e-05,0.784378732091809,0.647896562478385,0.309039017930622,0.0057747
50,58,0,1,16,0.700111085989699,8.97916850027825e-05,0.770513090838281,0.663398599501448,0.243776881127439,0.0030696
50,58,0.1,1,16,0.702159135966403,9.10959614599804e-05,0.771914189701531,0.661968886422752,0.250270271979597,0.0033648
50,58,0.2,1,17,0.703138387791191,7.57114912091073e-05,0.773302465030207,0.660532463948482,0.256788377604086,0.0048224
50,58,0.3,1,17,0.702762280564736,8.65299361404448e-05,0.774669795303212,0.659067225159551,0.2633149858771,0.003343
50,58,0.4,1,17,0.702172038946634,9.65706938615418e-05,0.776018678205997,0.657576123016865,0.269848306716752,0.0031445
50,58,0.5,1,18,0.701447825639477,7.42724115895266e-05,0.7773545113841,0.656024259961746,0.276403566341119,0.0031107
50,58,0.6,1,18,0.702582416475091,8.43685625575297e-05,0.778666010783839,0.654461034481417,0.282942272130771,0.0036032
50,58,0.7,1,18,0.701087184350728,9.41948809949078e-05,0.779957869431546,0.65292245049803,0.289476066904794,0.0044634
50,58,0.8,1,19,0.699655933222584,7.22926348935282e-05,0.78123536319429,0.651348205417195,0.296022109117151,0.0028521
50,58,0.9,1,19,0.698268050544746,7.80562779111871e-05,0.78248759586586,0.649762566347575,0.302538041958442,0.0030514
50,58,1,1,19,0.696918714166293,8.33655561611468e-05,0.783719505042707,0.648182504420424,0.309039213498387,0.0029567
50,59,0,1,16,0.700128623381,9.28783505250441e-05,0.77055693887026,0.663476145351348,0.243777100337052,0.0027221
50,59,0.1,1,16,0.700144916183413,9.03081775671943e-05,0.771957945894275,0.662021806860609,0.25027047766275,0.0023442
50,59,0.2,1,17,0.703196410058903,7.41197495185142e-05,0.773346131874395,0.660570308014498,0.256788516067218,0.0052734
50,59,0.3,1,17,0.702807515047045,8.49416837716555e-05,0.774713428177791,0.659082227476514,0.263315114170117,0.0024894
50,59,0.4,1,17,0.702203889237259,9.49857607330795e-05,0.776062304922707,0.657562840177653,0.269848424862727,0.0024869
50,59,0.5,1,18,0.701466938295723,7.31648411361752e-05,0.777398142167377,0.656013292713423,0.276403643420458,0.0026564
50,59,0.6,1,18,0.701053705842521,7.99195204321257e-05,0.778709689842973,0.654433219149134,0.282942341755407,0.0025285
50,59,0.7,1,18,0.701147511351042,8.9748281928731e-05,0.780001622790152,0.652883839144886,0.289476129137251,0.0026333
50,59,0.8,1,18,0.69964160071566,9.88696842154912e-05,0.781273675567094,0.651350153131983,0.296001592260265,0.0026505
50,59,0.9,1,19,0.698204219958085,7.49474391331661e-05,0.782531562968841,0.649792960193167,0.302538075238423,0.0039306
50,59,1,1,19,0.696810864963795,8.02581650237444e-05,0.783763621039288,0.64817510211446,0.309039241517485,0.0045483
50,60,0,1,16,0.700135364611131,8.72878070236061e-05,0.770964949645502,0.663442015975289,0.243777287569664,0.0037186
50,60,0.1,1,16,0.703028812561677,9.236606008034e-05,0.772378177092259,0.662024089496326,0.250270644098611,0.0036066
50,60,0.2,1,17,0.703046161403119,7.66085244834902e-05,0.773778556193499,0.660581785574879,0.256788622922129,0.0024839
50,60,0.3,1,17,0.702694508549925,8.74414784601818e-05,0.775158099735445,0.659110658988142,0.263315205589567,0.0041741
50,60,0.4,1,17,0.702124902460207,9.74961903498772e-05,0.776519218441828,0.657612813589092,0.269848501009466,0.0027357
50,60,0.5,1,18,0.701418201943531,7.49278708687962e-05,0.777867284604236,0.656094146288383,0.276403687478596,0.0028485
50,60,0.6,1,18,0.701125822999175,8.18945564600715e-05,0.77919105061168,0.654568836556894,0.282942374762502,0.0025994
50,60,0.7,1,18,0.701104339438781,9.17375213154992e-05,0.780495176238592,0.653013058875903,0.289476151288206,0.0028934
50,60,0.8,1,19,0.699644365081775,7.0583439540528e-05,0.781784934200012,0.651431621411028,0.296022155415695,0.0027846
50,60,0.9,1,19,0.698234091280763,7.63587638472341e-05,0.783049420204161,0.649826093630766,0.302538075241414,0.0027618
50,60,1,1,19,0.696866731142987,8.16793216478207e-05,0.784293564553718,0.648218426700228,0.309039234012799,0.0036052
50,61,0,1,16,0.700111241334653,8.89129338060568e-05,0.77225674606567,0.663961881620146,0.243777273742802,0.0023884
50,61,0.1,1,16,0.701837193981181,8.9559299792652e-05,0.773704142275575,0.66256093425082,0.250270669908569,0.0029598
50,61,0.2,1,17,0.703209799823042,7.46351189988559e-05,0.77513890042847,0.661106939083457,0.256788657238354,0.0026728
50,61,0.3,1,17,0.70281729233724,8.54501024812881e-05,0.776552768570067,0.659623986292834,0.263315269518374,0.0039289
50,61,0.4,1,17,0.702212130970403,9.5487488353363e-05,0.777948239512879,0.658124913416119,0.269848594337727,0.0026325
50,61,0.5,1,18,0.701505057946572,7.35672197660631e-05,0.779330823851307,0.656597752565092,0.276403769185332,0.0027313
50,61,0.6,1,18,0.702611999271538,8.41379376604057e-05,0.780688954918732,0.655039797835556,0.282942477893404,0.0027244
50,61,0.7,1,18,0.701107290654953,9.39607213459315e-05,0.782027413740931,0.653481403088284,0.289476275541904,0.0025622
50,61,0.8,1,19,0.699668818727856,7.21277109538565e-05,0.783351600997274,0.651919710198588,0.296022256647733,0.0030212
50,61,0.9,1,19,0.698275214950504,7.78888032441361e-05,0.784650314958265,0.650372307346798,0.302538191546829,0.0027342
50,61,1,1,19,0.696921199287905,8.31955901204606e-05,0.785928605604941,0.648780292778582,0.309039365099828,0.0027334
